MINISTERIO DE EDUCACION NACIONAL;;;;;;;;;;;;;;;;;;
PERSONAL ADMINISTRATIVO EN INSTITUCIONES DE EDUCACIÓN SUPERIOR - COLOMBIA 2016;;;;;;;;;;;;;;;;;;
Fecha de corte de la información: 15 de mayo de 2017;;;;;;;;;;;;;;;;;;
Fuente: Ministerio de Educación Nacional - Sistema Nacional de Información de la Educación Superior - SNIES;;;;;;;;;;;;;;;;;;
La información suministrada corresponde a lo reportado por las instituciones a través del SNIES;;;;;;;;;;;;;;;;;;
;;;;;;;;;;;;;;;;;;
"Código de 
la Institución";IES PADRE;Institución de Educación Superior (IES);"Principal
 o
Seccional";ID Sector IES;Sector IES;ID Caracter IES;Caracter IES;"Código del 
departamento
(IES)";"Departamento de 
domicilio de la IES";"Código del 
Municipio
(IES)";"Municipio de
domicilio de la IES";Año;Semestre;Auxiliar;Servicios;Profesional;Directivo;Total
2904;2904;ESCUELA SUPERIOR DE GUERRA GENERAL RAFAEL REYES PRIETO;PRINCIPAL;1;Oficial;3;Institución Universitaria/Escuela Tecnológica;11;Bogotá D.C;11001;Bogota;2016;1;131;159;283;6;579
2906;2906;ESCUELA DE POSTGRADOS DE LA FUERZA AEREA COLOMBIANA CAPITAN JOSE EDMUNDO SANDOVAL - EPFAC;PRINCIPAL;1;Oficial;3;Institución Universitaria/Escuela Tecnológica;11;Bogotá D.C;11001;Bogota;2016;1;26;0;33;6;65
3102;3102;INSTITUTO SUPERIOR DE EDUCACION RURAL-ISER-;PRINCIPAL;1;Oficial;2;Institución Tecnológica;54;Norte de Santander;54518;Pamplona;2016;1;4;16;64;4;88
3103;3103;COLEGIO MAYOR DE BOLIVAR;PRINCIPAL;1;Oficial;2;Institución Tecnológica;13;Bolivar;13001;Cartagena;2016;1;25;12;61;3;101
3104;3104;COLEGIO MAYOR DEL CAUCA;PRINCIPAL;1;Oficial;3;Institución Universitaria/Escuela Tecnológica;19;Cauca;19001;Popayán;2016;1;18;4;9;12;43
3107;3107;INSTITUCIÓN UNIVERSITARIA PASCUAL BRAVO;PRINCIPAL;1;Oficial;3;Institución Universitaria/Escuela Tecnológica;5;Antioquia;5001;Medellín;2016;1;61;21;18;16;116
3114;3114;ESCUELA NAVAL DE SUBOFICIALES ARC BARRANQUILLA;PRINCIPAL;1;Oficial;2;Institución Tecnológica;8;Atlántico;8001;Barranquilla;2016;1;73;146;45;4;268
3201;3201;UNIDADES TECNOLOGICAS DE SANTANDER;PRINCIPAL;1;Oficial;2;Institución Tecnológica;68;Santander;68001;Bucaramanga;2016;1;291;122;231;21;665
3204;3204;TECNOLOGICO DE ANTIOQUIA;PRINCIPAL;1;Oficial;3;Institución Universitaria/Escuela Tecnológica;5;Antioquia;5001;Medellín;2016;1;40;2;23;14;79
3301;3301;INSTITUCION UNIVERSITARIA ANTONIO JOSE CAMACHO;PRINCIPAL;1;Oficial;3;Institución Universitaria/Escuela Tecnológica;76;Valle del Cauca;76001;Cali;2016;1;70;45;108;39;262
3302;3302;INSTITUTO TECNOLOGICO METROPOLITANO;PRINCIPAL;1;Oficial;3;Institución Universitaria/Escuela Tecnológica;5;Antioquia;5001;Medellín;2016;1;56;15;76;1;148
3303;3303;ESCUELA SUPERIOR TECNOLOGICA DE ARTES DEBORA ARANGO;PRINCIPAL;1;Oficial;2;Institución Tecnológica;5;Antioquia;5266;Envigado;2016;1;8;8;14;6;36
4101;4101;INSTITUTO DE EDUCACION TECNICA PROFESIONAL DE ROLDANILLO;PRINCIPAL;1;Oficial;1;Institución Técnica Profesional;76;Valle del Cauca;76622;Roldanillo;2016;1;33;3;9;2;47
4112;4112;COLEGIO INTEGRADO NACIONAL ORIENTE DE CALDAS - IES CINOC;PRINCIPAL;1;Oficial;1;Institución Técnica Profesional;17;Caldas;17541;Pensilvania;2016;1;8;2;4;3;17
9102;9102;ESCUELA DE SUBOFICIALES DE LA FUERZA AEREA COLOMBIANA ANDRES M. DIAZ;PRINCIPAL;1;Oficial;2;Institución Tecnológica;25;Cundinamarca;25430;Madrid;2016;1;92;37;79;8;216
9103;9103;ESCUELA MILITAR DE AVIACION MARCO FIDEL SUAREZ;PRINCIPAL;1;Oficial;3;Institución Universitaria/Escuela Tecnológica;76;Valle del Cauca;76001;Cali;2016;1;19;4;41;10;74
9104;9104;ESCUELA MILITAR DE CADETES GENERAL JOSE MARIA CORDOVA;PRINCIPAL;1;Oficial;3;Institución Universitaria/Escuela Tecnológica;11;Bogotá D.C;11001;Bogota;2016;1;37;8;41;14;100
9105;9105;ESCUELA NAVAL DE CADETES ALMIRANTE PADILLA;PRINCIPAL;1;Oficial;4;Universidad;13;Bolivar;13001;Cartagena;2016;1;202;12;38;6;258
9107;9107;ESCUELA DE INGENIEROS MILITARES;PRINCIPAL;1;Oficial;3;Institución Universitaria/Escuela Tecnológica;11;Bogotá D.C;11001;Bogota;2016;1;37;7;44;5;93
9125;1201;UNIVERSIDAD DE ANTIOQUIA;SECCIONAL;1;Oficial;4;Universidad;5;Antioquia;5042;Santa Fe de Antioquia;2016;1;1;0;1;1;3
1105;1105;UNIVERSIDAD PEDAGOGICA NACIONAL;PRINCIPAL;1;Oficial;4;Universidad;11;Bogotá D.C;11001;Bogota;2016;1;332;69;97;37;535
1106;1106;UNIVERSIDAD PEDAGOGICA Y TECNOLOGICA DE COLOMBIA - UPTC;PRINCIPAL;1;Oficial;4;Universidad;15;Boyacá;15001;Tunja;2016;1;185;135;119;16;455
1107;1106;UNIVERSIDAD PEDAGOGICA Y TECNOLOGICA DE COLOMBIA - UPTC;SECCIONAL;1;Oficial;4;Universidad;15;Boyacá;15238;Duitama;2016;1;24;17;7;1;49
1108;1106;UNIVERSIDAD PEDAGOGICA Y TECNOLOGICA DE COLOMBIA - UPTC;SECCIONAL;1;Oficial;4;Universidad;15;Boyacá;15759;Sogamoso;2016;1;21;15;7;0;43
1109;1106;UNIVERSIDAD PEDAGOGICA Y TECNOLOGICA DE COLOMBIA - UPTC;SECCIONAL;1;Oficial;4;Universidad;15;Boyacá;15176;Chiquinquirá;2016;1;7;2;3;1;13
1110;1110;UNIVERSIDAD DEL CAUCA;PRINCIPAL;1;Oficial;4;Universidad;19;Cauca;19001;Popayán;2016;1;279;158;95;26;558
1111;1111;UNIVERSIDAD TECNOLOGICA DE PEREIRA - UTP;PRINCIPAL;1;Oficial;4;Universidad;66;Risaralda;66001;Pereira;2016;1;255;20;104;27;406
1117;1117;UNIVERSIDAD MILITAR-NUEVA GRANADA;PRINCIPAL;1;Oficial;4;Universidad;11;Bogotá D.C;11001;Bogota;2016;1;24;428;152;25;629
1119;1119;UNIVERSIDAD DE LOS LLANOS;PRINCIPAL;1;Oficial;4;Universidad;50;Meta;50001;Villavicencio;2016;1;74;0;21;13;108
1120;1120;UNIVERSIDAD POPULAR DEL CESAR;PRINCIPAL;1;Oficial;4;Universidad;20;Cesar;20001;Valledupar;2016;1;101;33;65;36;235
1201;1201;UNIVERSIDAD DE ANTIOQUIA;PRINCIPAL;1;Oficial;4;Universidad;5;Antioquia;5001;Medellín;2016;1;835;143;564;183;1725
1202;1202;UNIVERSIDAD DEL ATLANTICO;PRINCIPAL;1;Oficial;4;Universidad;8;Atlántico;8001;Barranquilla;2016;1;83;43;85;40;251
1203;1203;UNIVERSIDAD DEL VALLE;PRINCIPAL;1;Oficial;4;Universidad;76;Valle del Cauca;76001;Cali;2016;1;468;499;339;5;1311
1204;1204;UNIVERSIDAD INDUSTRIAL DE SANTANDER;PRINCIPAL;1;Oficial;4;Universidad;68;Santander;68001;Bucaramanga;2016;1;471;165;475;96;1207
1205;1205;UNIVERSIDAD DE CARTAGENA;PRINCIPAL;1;Oficial;4;Universidad;13;Bolivar;13001;Cartagena;2016;1;390;171;165;125;851
1206;1206;UNIVERSIDAD DE NARIÑO;PRINCIPAL;1;Oficial;4;Universidad;52;Nariño;52001;Pasto;2016;1;411;82;150;41;684
1209;1209;UNIVERSIDAD FRANCISCO DE PAULA SANTANDER;PRINCIPAL;1;Oficial;4;Universidad;54;Norte de Santander;54001;Cúcuta;2016;1;160;41;123;14;338
1210;1209;UNIVERSIDAD FRANCISCO DE PAULA SANTANDER;SECCIONAL;1;Oficial;4;Universidad;54;Norte de Santander;54498;Ocaña;2016;1;72;52;283;10;417
1212;1212;UNIVERSIDAD DE PAMPLONA;PRINCIPAL;1;Oficial;4;Universidad;54;Norte de Santander;54518;Pamplona;2016;1;203;3;67;46;319
1213;1213;UNIVERSIDAD DEL MAGDALENA - UNIMAGDALENA;PRINCIPAL;1;Oficial;4;Universidad;47;Magdalena;47001;Santa Marta;2016;1;1;112;91;56;260
1214;1214;UNIVERSIDAD DE CUNDINAMARCA-UDEC;PRINCIPAL;1;Oficial;4;Universidad;25;Cundinamarca;25290;Fusagasuga;2016;1;208;86;83;38;415
1215;1214;UNIVERSIDAD DE CUNDINAMARCA-UDEC;SECCIONAL;1;Oficial;4;Universidad;25;Cundinamarca;25307;Girardot;2016;1;33;18;6;3;60
1216;1214;UNIVERSIDAD DE CUNDINAMARCA-UDEC;SECCIONAL;1;Oficial;4;Universidad;25;Cundinamarca;25843;Ubaté;2016;1;12;10;5;1;28
1218;1218;UNIVERSIDAD DE LA GUAJIRA;PRINCIPAL;1;Oficial;4;Universidad;44;Guajira;44001;Riohacha;2016;1;58;24;63;16;161
1219;1201;UNIVERSIDAD DE ANTIOQUIA;SECCIONAL;1;Oficial;4;Universidad;5;Antioquia;5148;Carmen de Viboral;2016;1;5;0;2;1;8
1220;1201;UNIVERSIDAD DE ANTIOQUIA;SECCIONAL;1;Oficial;4;Universidad;5;Antioquia;5034;Andes;2016;1;1;0;0;1;2
1221;1201;UNIVERSIDAD DE ANTIOQUIA;SECCIONAL;1;Oficial;4;Universidad;5;Antioquia;5154;Caucasia;2016;1;3;1;2;1;7
1222;1201;UNIVERSIDAD DE ANTIOQUIA;SECCIONAL;1;Oficial;4;Universidad;5;Antioquia;5579;Puerto Berrío;2016;1;1;0;1;1;3
1223;1201;UNIVERSIDAD DE ANTIOQUIA;SECCIONAL;1;Oficial;4;Universidad;5;Antioquia;5837;Turbo;2016;1;1;0;0;1;2
1301;1301;UNIVERSIDAD DISTRITAL-FRANCISCO JOSE DE CALDAS;PRINCIPAL;1;Oficial;4;Universidad;11;Bogotá D.C;11001;Bogota;2016;1;140;862;81;33;1116
2104;2104;ESCUELA SUPERIOR DE ADMINISTRACION PUBLICA-ESAP-;PRINCIPAL;1;Oficial;3;Institución Universitaria/Escuela Tecnológica;11;Bogotá D.C;11001;Bogota;2016;1;136;8;169;25;338
2110;2110;COLEGIO MAYOR DE ANTIOQUIA;PRINCIPAL;1;Oficial;3;Institución Universitaria/Escuela Tecnológica;5;Antioquia;5001;Medellín;2016;1;12;8;7;9;36
2114;2114;ESCUELA NACIONAL DEL DEPORTE;PRINCIPAL;1;Oficial;3;Institución Universitaria/Escuela Tecnológica;76;Valle del Cauca;76001;Cali;2016;1;15;3;27;14;59
2206;2206;INSTITUTO DEPARTAMENTAL DE BELLAS ARTES;PRINCIPAL;1;Oficial;3;Institución Universitaria/Escuela Tecnológica;76;Valle del Cauca;76001;Cali;2016;1;7;30;54;6;97
2207;2207;INSTITUTO UNIVERSITARIO DE LA PAZ;PRINCIPAL;1;Oficial;3;Institución Universitaria/Escuela Tecnológica;68;Santander;68081;Barrancabermeja;2016;1;8;8;10;14;40
2208;2208;CONSERVATORIO DEL TOLIMA;PRINCIPAL;1;Oficial;3;Institución Universitaria/Escuela Tecnológica;73;Tolima;73001;Ibagué;2016;1;4;8;3;4;19
2209;2209;POLITECNICO COLOMBIANO JAIME ISAZA CADAVID;PRINCIPAL;1;Oficial;3;Institución Universitaria/Escuela Tecnológica;5;Antioquia;5001;Medellín;2016;1;185;28;91;26;330
2211;2211;INSTITUCION UNIVERSITARIA BELLAS ARTES Y CIENCIAS DE BOLIVAR;PRINCIPAL;1;Oficial;3;Institución Universitaria/Escuela Tecnológica;13;Bolivar;13001;Cartagena;2016;1;17;2;4;15;38
2301;2301;UNIDAD CENTRAL DEL VALLE DEL CAUCA;PRINCIPAL;1;Oficial;3;Institución Universitaria/Escuela Tecnológica;76;Valle del Cauca;76834;Tulua;2016;1;66;0;19;18;103
2302;2302;INSTITUCION UNIVERSITARIA DE ENVIGADO;PRINCIPAL;1;Oficial;3;Institución Universitaria/Escuela Tecnológica;5;Antioquia;5266;Envigado;2016;1;22;15;32;29;98
1701;1701;PONTIFICIA UNIVERSIDAD JAVERIANA;PRINCIPAL;2;Privada;4;Universidad;11;Bogotá D.C;11001;Bogota;2016;1;845;150;739;35;1769
1702;1701;PONTIFICIA UNIVERSIDAD JAVERIANA;SECCIONAL;2;Privada;4;Universidad;76;Valle del Cauca;76001;Cali;2016;1;218;32;280;80;610
1704;1704;UNIVERSIDAD SANTO TOMAS;PRINCIPAL;2;Privada;4;Universidad;11;Bogotá D.C;11001;Bogota;2016;1;234;11;97;138;480
1705;1704;UNIVERSIDAD SANTO TOMAS;SECCIONAL;2;Privada;4;Universidad;68;Santander;68001;Bucaramanga;2016;1;105;210;88;48;451
1709;1709;UNIVERSIDAD CENTRAL;PRINCIPAL;2;Privada;4;Universidad;11;Bogotá D.C;11001;Bogota;2016;1;323;43;219;31;616
1711;1711;UNIVERSIDAD DE LA SABANA;PRINCIPAL;2;Privada;4;Universidad;25;Cundinamarca;25175;Chia;2016;1;421;254;393;87;1155
1712;1712;UNIVERSIDAD EAFIT-;PRINCIPAL;2;Privada;4;Universidad;5;Antioquia;5001;Medellín;2016;1;342;77;632;21;1072
1713;1713;UNIVERSIDAD DEL NORTE;PRINCIPAL;2;Privada;4;Universidad;8;Atlántico;8001;Barranquilla;2016;1;360;163;426;42;991
1715;1715;FUNDACION UNIVERSIDAD DE AMERICA;PRINCIPAL;2;Privada;4;Universidad;11;Bogotá D.C;11001;Bogota;2016;1;76;0;54;22;152
1716;1718;UNIVERSIDAD DE SAN BUENAVENTURA;SECCIONAL;2;Privada;4;Universidad;76;Valle del Cauca;76001;Cali;2016;1;140;32;59;44;275
1717;1718;UNIVERSIDAD DE SAN BUENAVENTURA;SECCIONAL;2;Privada;4;Universidad;5;Antioquia;5001;Medellín;2016;1;96;33;77;25;231
1719;1719;UNIVERSIDAD CATOLICA DE COLOMBIA;PRINCIPAL;2;Privada;4;Universidad;11;Bogotá D.C;11001;Bogota;2016;1;280;0;184;27;491
1722;1722;UNIVERSIDAD DE MANIZALES;PRINCIPAL;2;Privada;4;Universidad;17;Caldas;17001;Manizales;2016;1;91;16;79;12;198
1724;1718;UNIVERSIDAD DE SAN BUENAVENTURA;SECCIONAL;2;Privada;4;Universidad;13;Bolivar;13001;Cartagena;2016;1;68;40;25;23;156
1725;1725;FUNDACION UNIVERSIDAD AUTONOMA DE COLOMBIA -FUAC-;PRINCIPAL;2;Privada;4;Universidad;11;Bogotá D.C;11001;Bogota;2016;1;165;121;51;53;390
1726;1726;UNIVERSIDAD CATOLICA DE ORIENTE;PRINCIPAL;2;Privada;4;Universidad;5;Antioquia;5615;Rionegro;2016;1;244;76;503;36;859
1728;1728;UNIVERSIDAD SERGIO ARBOLEDA;PRINCIPAL;2;Privada;4;Universidad;11;Bogotá D.C;11001;Bogota;2016;1;190;157;159;85;591
1729;1729;UNIVERSIDAD EL BOSQUE;PRINCIPAL;2;Privada;4;Universidad;11;Bogotá D.C;11001;Bogota;2016;1;311;29;120;0;460
1730;1710;UNIVERSIDAD PONTIFICIA BOLIVARIANA;SECCIONAL;2;Privada;4;Universidad;76;Valle del Cauca;76520;Palmira;2016;1;19;2;10;3;34
1732;1704;UNIVERSIDAD SANTO TOMAS;SECCIONAL;2;Privada;4;Universidad;15;Boyacá;15001;Tunja;2016;1;150;103;47;39;339
1733;1728;UNIVERSIDAD SERGIO ARBOLEDA;SECCIONAL;2;Privada;4;Universidad;47;Magdalena;47001;Santa Marta;2016;1;87;46;62;21;216
1735;1735;UNIVERSIDAD MANUELA BELTRAN-UMB-;PRINCIPAL;2;Privada;4;Universidad;11;Bogotá D.C;11001;Bogota;2016;1;182;47;712;42;983
1801;1801;UNIVERSIDAD LA GRAN COLOMBIA;PRINCIPAL;2;Privada;4;Universidad;11;Bogotá D.C;11001;Bogota;2016;1;269;100;109;48;526
1802;1801;UNIVERSIDAD LA GRAN COLOMBIA;SECCIONAL;2;Privada;4;Universidad;63;Quindío;63001;Armenia;2016;1;53;6;36;12;107
1804;1804;UNIVERSIDAD AUTONOMA DEL CARIBE- UNIAUTONOMA;PRINCIPAL;2;Privada;4;Universidad;8;Atlántico;8001;Barranquilla;2016;1;229;135;155;63;582
1806;1806;UNIVERSIDAD LIBRE;PRINCIPAL;2;Privada;4;Universidad;11;Bogotá D.C;11001;Bogota;2016;1;191;94;91;28;404
1807;1806;UNIVERSIDAD LIBRE;SECCIONAL;2;Privada;4;Universidad;76;Valle del Cauca;76001;Cali;2016;1;73;25;20;18;136
1809;1806;UNIVERSIDAD LIBRE;SECCIONAL;2;Privada;4;Universidad;66;Risaralda;66001;Pereira;2016;1;59;10;13;20;102
1810;1806;UNIVERSIDAD LIBRE;SECCIONAL;2;Privada;4;Universidad;54;Norte de Santander;54001;Cúcuta;2016;1;16;42;16;9;83
1812;1812;UNIVERSIDAD DE MEDELLIN;PRINCIPAL;2;Privada;4;Universidad;5;Antioquia;5001;Medellín;2016;1;178;25;86;37;326
1813;1813;UNIVERSIDAD DE LOS ANDES;PRINCIPAL;2;Privada;4;Universidad;11;Bogotá D.C;11001;Bogota;2016;1;569;196;566;105;1436
1814;1814;UNIVERSIDAD AUTONOMA LATINOAMERICANA-UNAULA-;PRINCIPAL;2;Privada;4;Universidad;5;Antioquia;5001;Medellín;2016;1;54;17;82;46;199
1816;1818;UNIVERSIDAD COOPERATIVA DE COLOMBIA;SECCIONAL;2;Privada;4;Universidad;5;Antioquia;5001;Medellín;2016;1;157;63;244;44;508
1817;1818;UNIVERSIDAD COOPERATIVA DE COLOMBIA;SECCIONAL;2;Privada;4;Universidad;68;Santander;68001;Bucaramanga;2016;1;67;25;56;3;151
1818;1818;UNIVERSIDAD COOPERATIVA DE COLOMBIA;PRINCIPAL;2;Privada;4;Universidad;11;Bogotá D.C;11001;Bogota;2016;1;521;200;475;28;1224
1819;1818;UNIVERSIDAD COOPERATIVA DE COLOMBIA;SECCIONAL;2;Privada;4;Universidad;68;Santander;68081;Barrancabermeja;2016;1;31;8;29;1;69
1820;1818;UNIVERSIDAD COOPERATIVA DE COLOMBIA;SECCIONAL;2;Privada;4;Universidad;47;Magdalena;47001;Santa Marta;2016;1;57;33;57;3;150
1823;1823;UNIVERSIDAD AUTONOMA DE BUCARAMANGA-UNAB-;PRINCIPAL;2;Privada;4;Universidad;68;Santander;68001;Bucaramanga;2016;1;352;52;242;144;790
1825;1825;UNIVERSIDAD AUTONOMA DE MANIZALES;PRINCIPAL;2;Privada;4;Universidad;17;Caldas;17001;Manizales;2016;1;118;27;54;5;204
1827;1827;UNIVERSIDAD CATOLICA DE MANIZALES;PRINCIPAL;2;Privada;4;Universidad;17;Caldas;17001;Manizales;2016;1;87;13;48;53;201
1828;1828;UNIVERSIDAD ICESI;PRINCIPAL;2;Privada;4;Universidad;76;Valle del Cauca;76001;Cali;2016;1;277;172;72;107;628
1830;1830;UNIVERSIDAD AUTONOMA DE OCCIDENTE;PRINCIPAL;2;Privada;4;Universidad;76;Valle del Cauca;76001;Cali;2016;1;250;104;168;29;551
1831;1831;UNIVERSIDAD DE IBAGUE;PRINCIPAL;2;Privada;4;Universidad;73;Tolima;73001;Ibagué;2016;1;149;147;178;50;524
1833;1833;UNIVERSIDAD DEL SINU - ELIAS BECHARA ZAINUM - UNISINU -;PRINCIPAL;2;Privada;4;Universidad;23;Córdoba;23001;Montería;2016;1;84;106;148;7;345
1834;1833;UNIVERSIDAD DEL SINU - ELIAS BECHARA ZAINUM - UNISINU -;SECCIONAL;2;Privada;4;Universidad;13;Bolivar;13001;Cartagena;2016;1;131;11;40;19;201
1835;1835;UNIVERSIDAD DE CIENCIAS APLICADAS Y AMBIENTALES UDCA.;PRINCIPAL;2;Privada;4;Universidad;11;Bogotá D.C;11001;Bogota;2016;1;119;72;104;39;334
2702;2702;FUNDACION UNIVERSITARIA DE CIENCIAS DE LA SALUD;PRINCIPAL;2;Privada;3;Institución Universitaria/Escuela Tecnológica;11;Bogotá D.C;11001;Bogota;2016;1;82;7;64;40;193
2707;2707;FUNDACION UNIVERSITARIA JUAN N. CORPAS;PRINCIPAL;2;Privada;3;Institución Universitaria/Escuela Tecnológica;11;Bogotá D.C;11001;Bogota;2016;1;30;47;122;24;223
2708;2708;UNIVERSIDAD CES;PRINCIPAL;2;Privada;4;Universidad;5;Antioquia;5001;Medellín;2016;1;181;38;166;14;399
2709;2709;FUNDACION UNIVERSITARIA SAN MARTIN;PRINCIPAL;2;Privada;3;Institución Universitaria/Escuela Tecnológica;11;Bogotá D.C;11001;Bogota;2016;1;340;0;5;3;348
2710;2710;FUNDACION UNIVERSITARIA MONSERRATE -UNIMONSERRATE;PRINCIPAL;2;Privada;3;Institución Universitaria/Escuela Tecnológica;11;Bogotá D.C;11001;Bogota;2016;1;66;19;30;33;148
2711;2711;UNIVERSIDAD CATOLICA DE PEREIRA;PRINCIPAL;2;Privada;4;Universidad;66;Risaralda;66001;Pereira;2016;1;46;20;42;7;115
2712;2712;FUNDACION UNIVERSITARIA KONRAD LORENZ;PRINCIPAL;2;Privada;3;Institución Universitaria/Escuela Tecnológica;11;Bogotá D.C;11001;Bogota;2016;1;40;13;32;52;137
2713;2713;FUNDACION UNIVERSITARIA LOS LIBERTADORES;PRINCIPAL;2;Privada;3;Institución Universitaria/Escuela Tecnológica;11;Bogotá D.C;11001;Bogota;2016;1;125;14;109;68;316
2719;2719;UNIVERSIDAD CATÓLICA LUIS AMIGÓ-FUNLAM;PRINCIPAL;2;Privada;4;Universidad;5;Antioquia;5001;Medellín;2016;1;95;53;64;49;261
2720;2720;FUNDACION UNIVERSITARIA JUAN DE CASTELLANOS;PRINCIPAL;2;Privada;3;Institución Universitaria/Escuela Tecnológica;15;Boyacá;15001;Tunja;2016;1;57;36;41;3;137
2723;2723;FUNDACION UNIVERSITARIA AGRARIA DE COLOMBIA -UNIAGRARIA-;PRINCIPAL;2;Privada;3;Institución Universitaria/Escuela Tecnológica;11;Bogotá D.C;11001;Bogota;2016;1;119;0;83;52;254
2724;2724;FUNDACION UNIVERSITARIA DE SAN GIL - UNISANGIL -;PRINCIPAL;2;Privada;3;Institución Universitaria/Escuela Tecnológica;68;Santander;68679;San Gil;2016;1;120;11;36;37;204
2725;2725;POLITECNICO GRANCOLOMBIANO;PRINCIPAL;2;Privada;3;Institución Universitaria/Escuela Tecnológica;11;Bogotá D.C;11001;Bogota;2016;1;99;167;338;78;682
2728;2728;FUNDACION UNIVERSITARIA DEL AREA ANDINA;PRINCIPAL;2;Privada;3;Institución Universitaria/Escuela Tecnológica;11;Bogotá D.C;11001;Bogota;2016;1;166;3;168;102;439
2730;2730;FUNDACION ESCUELA COLOMBIANA DE REHABILITACION;PRINCIPAL;2;Privada;3;Institución Universitaria/Escuela Tecnológica;11;Bogotá D.C;11001;Bogota;2016;1;20;7;20;5;52
2732;2732;FUNDACION UNIVERSITARIA CATOLICA DEL NORTE;PRINCIPAL;2;Privada;3;Institución Universitaria/Escuela Tecnológica;5;Antioquia;5686;Santa Rosa de Osos;2016;1;132;20;76;10;238
2733;2733;FUNDACIÓN UNIVERSITARIA SAN ALFONSO- FUSA-;PRINCIPAL;2;Privada;3;Institución Universitaria/Escuela Tecnológica;11;Bogotá D.C;11001;Bogota;2016;1;0;15;74;3;92
2736;2736;FUNDACION UNIVERSITARIA SEMINARIO BIBLICO DE COLOMBIA;PRINCIPAL;2;Privada;3;Institución Universitaria/Escuela Tecnológica;5;Antioquia;5001;Medellín;2016;1;13;9;18;10;50
2737;2728;FUNDACION UNIVERSITARIA DEL AREA ANDINA;SECCIONAL;2;Privada;3;Institución Universitaria/Escuela Tecnológica;66;Risaralda;66001;Pereira;2016;1;62;2;56;34;154
2738;2738;FUNDACION UNIVESITARIA EMPRESARIAL DE LA CAMARA DE COMERCIO DE BOGOTA;PRINCIPAL;2;Privada;3;Institución Universitaria/Escuela Tecnológica;11;Bogotá D.C;11001;Bogota;2016;1;20;12;44;6;82
2740;2740;INSTITUCION UNIVERSITARIA COLOMBO AMERICANA - UNICA;PRINCIPAL;2;Privada;3;Institución Universitaria/Escuela Tecnológica;11;Bogotá D.C;11001;Bogota;2016;1;2;0;0;7;9
2741;2741;FUNDACION DE ESTUDIOS SUPERIORES - MONSEÑOR ABRAHAM ESCUDERO MONTOYA  - FUNDES;PRINCIPAL;2;Privada;3;Institución Universitaria/Escuela Tecnológica;73;Tolima;73268;Espinal (Chicoral) ;2016;1;2;4;7;4;17
2743;2743;FUNDACION UNIVERSITARIA INTERNACIONAL DEL TROPICO AMERICANO;PRINCIPAL;2;Privada;3;Institución Universitaria/Escuela Tecnológica;85;Casanare;85001;Yopal;2016;1;55;1;36;12;104
2744;2744;INSTITUCION UNIVERSITARIA CENTRO DE ESTUDIOS SUPERIORES MARIA GORETTI;PRINCIPAL;2;Privada;3;Institución Universitaria/Escuela Tecnológica;52;Nariño;52001;Pasto;2016;1;138;26;45;26;235
2745;2745;UNIPANAMERICANA - FUNDACION UNIVERSITARIA PANAMERICANA;PRINCIPAL;2;Privada;3;Institución Universitaria/Escuela Tecnológica;11;Bogotá D.C;11001;Bogota;2016;1;57;13;81;12;163
2746;2746;FUNDACION UNIVERSITARIA SANITAS;PRINCIPAL;2;Privada;3;Institución Universitaria/Escuela Tecnológica;11;Bogotá D.C;11001;Bogota;2016;1;24;12;238;10;284
2748;2748;FUNDACION UNIVERSITARIA SEMINARIO TEOLOGICO BAUTISTA INTERNACIONAL;PRINCIPAL;2;Privada;3;Institución Universitaria/Escuela Tecnológica;76;Valle del Cauca;76001;Cali;2016;1;12;5;8;3;28
2749;2749;INSTITUCION UNIVERSITARIA  SALAZAR Y HERRERA;PRINCIPAL;2;Privada;3;Institución Universitaria/Escuela Tecnológica;5;Antioquia;5001;Medellín;2016;1;42;9;36;7;94
2805;2805;UNIVERSIDAD SIMON BOLIVAR;PRINCIPAL;2;Privada;4;Universidad;8;Atlántico;8001;Barranquilla;2016;1;215;38;207;36;496
2811;2811;ESCUELA COLOMBIANA DE INGENIERIA JULIO GARAVITO;PRINCIPAL;2;Privada;3;Institución Universitaria/Escuela Tecnológica;11;Bogotá D.C;11001;Bogota;2016;1;76;62;69;26;233
2812;2812;UNIVERSIDAD EAN;PRINCIPAL;2;Privada;4;Universidad;11;Bogotá D.C;11001;Bogota;2016;1;167;2;147;8;324
2813;2813;UNIVERSIDAD EIA;PRINCIPAL;2;Privada;4;Universidad;5;Antioquia;5001;Medellín;2016;1;61;22;38;19;140
2818;2818;CORPORACION UNIVERSITARIA DE SANTA ROSA DE CABAL-UNISARC-;PRINCIPAL;2;Privada;3;Institución Universitaria/Escuela Tecnológica;66;Risaralda;66682;Santa Rosa De Cabal;2016;1;13;28;29;22;92
2820;2820;CORPORACION UNIVERSITARIA LASALLISTA;PRINCIPAL;2;Privada;3;Institución Universitaria/Escuela Tecnológica;5;Antioquia;5129;Caldas;2016;1;54;21;64;5;144
2823;2823;CORPORACION UNIVERSITARIA DEL CARIBE - CECAR;PRINCIPAL;2;Privada;3;Institución Universitaria/Escuela Tecnológica;70;Sucre;70001;Sincelejo;2016;1;414;86;192;40;732
2825;2825;CORPORACION UNIVERSITARIA RAFAEL NUÑEZ;PRINCIPAL;2;Privada;3;Institución Universitaria/Escuela Tecnológica;13;Bolivar;13001;Cartagena;2016;1;67;49;56;12;184
2827;2827;CORPORACION UNIVERSITARIA DEL META;PRINCIPAL;2;Privada;3;Institución Universitaria/Escuela Tecnológica;50;Meta;50001;Villavicencio;2016;1;20;3;61;7;91
2829;2829;CORPORACION UNIVERSITARIA MINUTO DE DIOS -UNIMINUTO-;PRINCIPAL;2;Privada;3;Institución Universitaria/Escuela Tecnológica;11;Bogotá D.C;11001;Bogota;2016;1;555;143;1264;6;1968
2830;2830;CORPORACION UNIVERSITARIA IBEROAMERICANA;PRINCIPAL;2;Privada;3;Institución Universitaria/Escuela Tecnológica;11;Bogotá D.C;11001;Bogota;2016;1;44;33;56;19;152
2831;2831;CORPORACION UNIVERSITARIA DE CIENCIA Y DESARROLLO - UNICIENCIA;PRINCIPAL;2;Privada;3;Institución Universitaria/Escuela Tecnológica;11;Bogotá D.C;11001;Bogota;2016;1;14;8;6;10;38
2833;2833;CORPORACION UNIVERSITARIA REMINGTON;PRINCIPAL;2;Privada;3;Institución Universitaria/Escuela Tecnológica;5;Antioquia;5001;Medellín;2016;1;118;18;79;29;244
2836;2836;CORPORACION UNIVERSITARIA EMPRESARIAL DE SALAMANCA;PRINCIPAL;2;Privada;3;Institución Universitaria/Escuela Tecnológica;8;Atlántico;8001;Barranquilla;2016;1;14;16;18;7;55
2837;2837;CORPORACION UNIVERSITARIA REPUBLICANA;PRINCIPAL;2;Privada;3;Institución Universitaria/Escuela Tecnológica;11;Bogotá D.C;11001;Bogota;2016;1;70;7;52;17;146
2840;2840;CORPORACION UNIVERSITARIA EMPRESARIAL ALEXANDER VON HUMBOLDT - CUE;PRINCIPAL;2;Privada;3;Institución Universitaria/Escuela Tecnológica;63;Quindío;63001;Armenia;2016;1;39;17;19;18;93
2841;2829;CORPORACION UNIVERSITARIA MINUTO DE DIOS -UNIMINUTO-;SECCIONAL;2;Privada;3;Institución Universitaria/Escuela Tecnológica;5;Antioquia;5088;Bello;2016;1;94;37;166;1;298
2842;2842;CORPORACION UNIVERSITARIA REFORMADA - CUR -;PRINCIPAL;2;Privada;3;Institución Universitaria/Escuela Tecnológica;8;Atlántico;8001;Barranquilla;2016;1;19;10;61;27;117
2848;2848;CORPORACION UNIVERSITARIA  UNITEC;PRINCIPAL;2;Privada;3;Institución Universitaria/Escuela Tecnológica;11;Bogotá D.C;11001;Bogota;2016;1;49;23;60;22;154
3702;3702;FUNDACION TECNOLOGICA AUTONOMA DE BOGOTA-FABA-;PRINCIPAL;2;Privada;2;Institución Tecnológica;11;Bogotá D.C;11001;Bogota;2016;1;5;9;17;2;33
3706;3706;FUNDACION CENTRO COLOMBIANO DE ESTUDIOS PROFESIONALES, -F.C.E.C.E.P.;PRINCIPAL;2;Privada;2;Institución Tecnológica;76;Valle del Cauca;76001;Cali;2016;1;26;49;22;6;103
3710;3710;FUNDACION TECNOLOGICA ANTONIO DE AREVALO;PRINCIPAL;2;Privada;2;Institución Tecnológica;13;Bolivar;13001;Cartagena;2016;1;28;39;30;20;117
3712;3712;FUNDACION CENTRO DE INVESTIGACION DOCENCIA Y CONSULTORIA ADMINISTRATIVA-F-CIDCA-;PRINCIPAL;2;Privada;2;Institución Tecnológica;11;Bogotá D.C;11001;Bogota;2016;1;43;17;2;38;100
3715;3715;FUNDACION TECNOLOGICA AUTONOMA DEL PACIFICO;PRINCIPAL;2;Privada;2;Institución Tecnológica;76;Valle del Cauca;76001;Cali;2016;1;21;3;21;4;49
3718;3718;FUNDACION DE ESTUDIOS SUPERIORES COMFANORTE -F.E.S.C.-;PRINCIPAL;2;Privada;2;Institución Tecnológica;54;Norte de Santander;54001;Cúcuta;2016;1;31;17;16;13;77
3719;3719;INSTITUCION UNIVERSITARIA LATINA - UNILATINA;PRINCIPAL;2;Privada;3;Institución Universitaria/Escuela Tecnológica;11;Bogotá D.C;11001;Bogota;2016;1;1;18;18;3;40
3801;3801;CORPORACION DE ESTUDIOS TECNOLOGICOS DEL NORTE DEL VALLE;PRINCIPAL;2;Privada;2;Institución Tecnológica;76;Valle del Cauca;76147;Cartago;2016;1;6;7;5;11;29
3803;3803;CORPORACION UNIVERSITARIA CENTRO SUPERIOR - UNICUCES;PRINCIPAL;2;Privada;3;Institución Universitaria/Escuela Tecnológica;76;Valle del Cauca;76001;Cali;2016;1;10;9;9;12;40
3810;3810;CORPORACION EDUCATIVA -ITAE-;PRINCIPAL;2;Privada;2;Institución Tecnológica;68;Santander;68001;Bucaramanga;2016;1;22;1;8;5;36
3811;3811;CORPORACION DE EDUCACION DEL NORTE DEL TOLIMA - COREDUCACION;PRINCIPAL;2;Privada;2;Institución Tecnológica;73;Tolima;73349;Honda;2016;1;13;3;63;7;86
3812;3812;INSTITUCION UNIVERSITARIA MARCO FIDEL SUAREZ - IUMAFIS;PRINCIPAL;2;Privada;3;Institución Universitaria/Escuela Tecnológica;5;Antioquia;5088;Bello;2016;1;19;8;19;4;50
3817;3817;CORPORACION UNIVERSITARIA AUTONOMA DE NARIÑO -AUNAR-;PRINCIPAL;2;Privada;3;Institución Universitaria/Escuela Tecnológica;52;Nariño;52001;Pasto;2016;1;15;7;34;8;64
3822;3822;POLITECNICO ICAFT;PRINCIPAL;2;Privada;2;Institución Tecnológica;11;Bogotá D.C;11001;Bogota;2016;1;1;2;4;2;9
3824;3824;ESCUELA SUPERIOR DE CIENCIAS EMPRESARIALES - ECIEM;PRINCIPAL;2;Privada;2;Institución Tecnológica;11;Bogotá D.C;11001;Bogota;2016;1;10;1;4;7;22
3831;3831;CORPORACION UNIVERSITARIA COMFACAUCA - UNICOMFACAUCA;PRINCIPAL;2;Privada;3;Institución Universitaria/Escuela Tecnológica;19;Cauca;19001;Popayán;2016;1;67;65;49;47;228
4701;4701;FUNDACION ACADEMIA DE DIBUJO PROFESIONAL;PRINCIPAL;2;Privada;1;Institución Técnica Profesional;76;Valle del Cauca;76001;Cali;2016;1;30;16;12;9;67
4709;4709;INSTITUCION UNIVERSITARIA EAM;PRINCIPAL;2;Privada;3;Institución Universitaria/Escuela Tecnológica;63;Quindío;63001;Armenia;2016;1;29;12;30;10;81
4710;4710;POLITECNICO INDOAMERICANO;PRINCIPAL;2;Privada;1;Institución Técnica Profesional;11;Bogotá D.C;11001;Bogota;2016;1;4;2;5;4;15
4719;4719;FUNDACION DE EDUCACION SUPERIOR NUEVA AMERICA;PRINCIPAL;2;Privada;1;Institución Técnica Profesional;11;Bogotá D.C;11001;Bogota;2016;1;3;2;10;2;17
4726;4726;FUNDACION PARA LA EDUCACION SUPERIOR SAN MATEO;PRINCIPAL;2;Privada;1;Institución Técnica Profesional;11;Bogotá D.C;11001;Bogota;2016;1;30;10;35;19;94
4727;4727;POLITECNICO INTERNACIONAL INSTITUCION DE EDUCACION SUPERIOR;PRINCIPAL;2;Privada;1;Institución Técnica Profesional;11;Bogotá D.C;11001;Bogota;2016;1;76;25;87;21;209
4801;4801;CORPORACION ACADEMIA SUPERIOR DE ARTES;PRINCIPAL;2;Privada;2;Institución Tecnológica;5;Antioquia;5001;Medellín;2016;1;11;0;0;9;20
4808;4808;CORPORACION REGIONAL DE EDUCACION SUPERIOR-CRES-DE CALI;PRINCIPAL;2;Privada;1;Institución Técnica Profesional;76;Valle del Cauca;76001;Cali;2016;1;4;3;11;10;28
4811;4811;CORPORACION DE ESTUDIOS SUPERIORES SALAMANDRA;PRINCIPAL;2;Privada;1;Institución Técnica Profesional;76;Valle del Cauca;76001;Cali;2016;1;4;3;11;1;19
4813;4813;CORPORACION UNIFICADA NACIONAL DE EDUCACION SUPERIOR-CUN-;PRINCIPAL;2;Privada;1;Institución Técnica Profesional;11;Bogotá D.C;11001;Bogota;2016;1;287;90;259;30;666
4822;4822;CORPORACION ESCUELA DE ARTES Y LETRAS;PRINCIPAL;2;Privada;3;Institución Universitaria/Escuela Tecnológica;11;Bogotá D.C;11001;Bogota;2016;1;43;36;25;7;111
4829;4829;CORPORACION INTERAMERICANA DE EDUCACION SUPERIOR-CORPOCIDES;PRINCIPAL;2;Privada;1;Institución Técnica Profesional;68;Santander;68001;Bucaramanga;2016;1;11;11;12;3;37
4835;4835;CORPORACION UNIVERSITARIA TALLER CINCO;PRINCIPAL;2;Privada;3;Institución Universitaria/Escuela Tecnológica;11;Bogotá D.C;11001;Bogota;2016;1;5;9;21;4;39
4837;4837;CORPORACION UNIVERSITARIA DE CIENCIAS EMPRESARIALES, EDUCACION Y SALUD -CORSALUD-;PRINCIPAL;2;Privada;3;Institución Universitaria/Escuela Tecnológica;8;Atlántico;8001;Barranquilla;2016;1;22;7;20;15;64
5801;5801;CORPORACION ESCUELA TECNOLOGICA DEL ORIENTE;PRINCIPAL;2;Privada;3;Institución Universitaria/Escuela Tecnológica;68;Santander;68001;Bucaramanga;2016;1;2;1;21;1;25
9116;9116;FUNDACION UNIVERSITARIA CLARETIANA - UNICLARETIANA;PRINCIPAL;2;Privada;3;Institución Universitaria/Escuela Tecnológica;27;Chocó;27001;Quibdó;2016;1;39;5;20;10;74
9117;9117;FUNDACION POLITECNICA - CORPO;PRINCIPAL;2;Privada;1;Institución Técnica Profesional;11;Bogotá D.C;11001;Bogota;2016;1;4;0;3;5;12
9119;9119;CORPORACION UNIVERSITARIA AMERICANA;PRINCIPAL;2;Privada;3;Institución Universitaria/Escuela Tecnológica;8;Atlántico;8001;Barranquilla;2016;1;52;36;102;66;256
9120;9120;FUNDACION UNIVERSITARIA BELLAS ARTES;PRINCIPAL;2;Privada;3;Institución Universitaria/Escuela Tecnológica;5;Antioquia;5001;Medellín;2016;1;7;2;14;9;32
9121;9121;FUNDACION UNIVERSITARIA COLOMBO INTERNACIONAL - UNICOLOMBO;PRINCIPAL;2;Privada;3;Institución Universitaria/Escuela Tecnológica;13;Bolivar;13001;Cartagena;2016;1;2;3;28;7;40
9122;1735;UNIVERSIDAD MANUELA BELTRAN-UMB-;SECCIONAL;2;Privada;4;Universidad;68;Santander;68001;Bucaramanga;2016;1;48;1;54;3;106
9126;9126;CORPORACION TECNOLOGICA INDOAMERICA;PRINCIPAL;2;Privada;2;Institución Tecnológica;8;Atlántico;8001;Barranquilla;2016;1;1;0;2;0;3
9129;9129;FUNDACION UNIVERSITARIA CAFAM -UNICAFAM;PRINCIPAL;2;Privada;3;Institución Universitaria/Escuela Tecnológica;11;Bogotá D.C;11001;Bogota;2016;1;33;6;27;10;76
9899;9899;INSTITUCION UNIVERSITARIA DE COLOMBIA - UNIVERSITARIA DE COLOMBIA;PRINCIPAL;2;Privada;3;Institución Universitaria/Escuela Tecnológica;11;Bogotá D.C;11001;Bogota;2016;1;26;5;27;15;73
9900;9900;CORPORACION UNIVERSITARIA U DE COLOMBIA;PRINCIPAL;2;Privada;3;Institución Universitaria/Escuela Tecnológica;5;Antioquia;5001;Medellín;2016;1;5;3;9;3;20
9903;9903;CORPORACION DE EDUCACION TECNOLOGICA COLSUBSIDIO- AIRBUS GROUP;PRINCIPAL;2;Privada;2;Institución Tecnológica;11;Bogotá D.C;11001;Bogota;2016;1;0;17;138;11;166
9913;9913;CORPORACION UNIVERSITARIA DE ASTURIAS;PRINCIPAL;2;Privada;3;Institución Universitaria/Escuela Tecnológica;11;Bogotá D.C;11001;Bogota;2016;1;46;17;6;7;76
9915;9915;UNIVERSITARIA VIRTUAL INTERNACIONAL;PRINCIPAL;2;Privada;3;Institución Universitaria/Escuela Tecnológica;11;Bogotá D.C;11001;Bogota;2016;1;4;0;6;7;17
2903;2903;ESCUELA DE COMUNICACIONES;PRINCIPAL;1;Oficial;3;Institución Universitaria/Escuela Tecnológica;25;Cundinamarca;25269;Facatativa;2016;2;2;2;44;6;54
2904;2904;ESCUELA SUPERIOR DE GUERRA GENERAL RAFAEL REYES PRIETO;PRINCIPAL;1;Oficial;3;Institución Universitaria/Escuela Tecnológica;11;Bogotá D.C;11001;Bogota;2016;2;28;61;74;4;167
3114;3114;ESCUELA NAVAL DE SUBOFICIALES ARC BARRANQUILLA;PRINCIPAL;1;Oficial;2;Institución Tecnológica;8;Atlántico;8001;Barranquilla;2016;2;73;146;45;4;268
3204;3204;TECNOLOGICO DE ANTIOQUIA;PRINCIPAL;1;Oficial;3;Institución Universitaria/Escuela Tecnológica;5;Antioquia;5001;Medellín;2016;2;42;3;25;13;83
3301;3301;INSTITUCION UNIVERSITARIA ANTONIO JOSE CAMACHO;PRINCIPAL;1;Oficial;3;Institución Universitaria/Escuela Tecnológica;76;Valle del Cauca;76001;Cali;2016;2;34;19;13;32;98
3302;3302;INSTITUTO TECNOLOGICO METROPOLITANO;PRINCIPAL;1;Oficial;3;Institución Universitaria/Escuela Tecnológica;5;Antioquia;5001;Medellín;2016;2;56;15;77;54;202
3303;3303;ESCUELA SUPERIOR TECNOLOGICA DE ARTES DEBORA ARANGO;PRINCIPAL;1;Oficial;2;Institución Tecnológica;5;Antioquia;5266;Envigado;2016;2;49;11;12;15;87
4112;4112;COLEGIO INTEGRADO NACIONAL ORIENTE DE CALDAS - IES CINOC;PRINCIPAL;1;Oficial;1;Institución Técnica Profesional;17;Caldas;17541;Pensilvania;2016;2;8;2;5;3;18
9102;9102;ESCUELA DE SUBOFICIALES DE LA FUERZA AEREA COLOMBIANA ANDRES M. DIAZ;PRINCIPAL;1;Oficial;2;Institución Tecnológica;25;Cundinamarca;25430;Madrid;2016;2;92;37;79;8;216
9105;9105;ESCUELA NAVAL DE CADETES ALMIRANTE PADILLA;PRINCIPAL;1;Oficial;4;Universidad;13;Bolivar;13001;Cartagena;2016;2;203;14;145;5;367
9125;1201;UNIVERSIDAD DE ANTIOQUIA;SECCIONAL;1;Oficial;4;Universidad;5;Antioquia;5042;Santa Fe de Antioquia;2016;2;1;0;1;1;3
1105;1105;UNIVERSIDAD PEDAGOGICA NACIONAL;PRINCIPAL;1;Oficial;4;Universidad;11;Bogotá D.C;11001;Bogota;2016;2;144;21;55;37;257
1106;1106;UNIVERSIDAD PEDAGOGICA Y TECNOLOGICA DE COLOMBIA - UPTC;PRINCIPAL;1;Oficial;4;Universidad;15;Boyacá;15001;Tunja;2016;2;185;135;119;16;455
1107;1106;UNIVERSIDAD PEDAGOGICA Y TECNOLOGICA DE COLOMBIA - UPTC;SECCIONAL;1;Oficial;4;Universidad;15;Boyacá;15238;Duitama;2016;2;25;17;7;1;50
1108;1106;UNIVERSIDAD PEDAGOGICA Y TECNOLOGICA DE COLOMBIA - UPTC;SECCIONAL;1;Oficial;4;Universidad;15;Boyacá;15759;Sogamoso;2016;2;19;15;7;0;41
1109;1106;UNIVERSIDAD PEDAGOGICA Y TECNOLOGICA DE COLOMBIA - UPTC;SECCIONAL;1;Oficial;4;Universidad;15;Boyacá;15176;Chiquinquirá;2016;2;7;2;3;1;13
1110;1110;UNIVERSIDAD DEL CAUCA;PRINCIPAL;1;Oficial;4;Universidad;19;Cauca;19001;Popayán;2016;2;283;156;97;27;563
1111;1111;UNIVERSIDAD TECNOLOGICA DE PEREIRA - UTP;PRINCIPAL;1;Oficial;4;Universidad;66;Risaralda;66001;Pereira;2016;2;128;61;79;13;281
1112;1112;UNIVERSIDAD DE CALDAS;PRINCIPAL;1;Oficial;4;Universidad;17;Caldas;17001;Manizales;2016;2;228;93;89;23;433
1114;1114;UNIVERSIDAD SURCOLOMBIANA;PRINCIPAL;1;Oficial;4;Universidad;41;Huila;41001;Neiva;2016;2;79;14;39;1;133
1119;1119;UNIVERSIDAD DE LOS LLANOS;PRINCIPAL;1;Oficial;4;Universidad;50;Meta;50001;Villavicencio;2016;2;74;0;21;13;108
1201;1201;UNIVERSIDAD DE ANTIOQUIA;PRINCIPAL;1;Oficial;4;Universidad;5;Antioquia;5001;Medellín;2016;2;832;146;572;183;1733
1203;1203;UNIVERSIDAD DEL VALLE;PRINCIPAL;1;Oficial;4;Universidad;76;Valle del Cauca;76001;Cali;2016;2;468;502;343;6;1319
1204;1204;UNIVERSIDAD INDUSTRIAL DE SANTANDER;PRINCIPAL;1;Oficial;4;Universidad;68;Santander;68001;Bucaramanga;2016;2;506;153;446;28;1133
1205;1205;UNIVERSIDAD DE CARTAGENA;PRINCIPAL;1;Oficial;4;Universidad;13;Bolivar;13001;Cartagena;2016;2;399;171;178;133;881
1209;1209;UNIVERSIDAD FRANCISCO DE PAULA SANTANDER;PRINCIPAL;1;Oficial;4;Universidad;54;Norte de Santander;54001;Cúcuta;2016;2;154;51;106;14;325
1210;1209;UNIVERSIDAD FRANCISCO DE PAULA SANTANDER;SECCIONAL;1;Oficial;4;Universidad;54;Norte de Santander;54498;Ocaña;2016;2;78;36;269;10;393
1212;1212;UNIVERSIDAD DE PAMPLONA;PRINCIPAL;1;Oficial;4;Universidad;54;Norte de Santander;54518;Pamplona;2016;2;94;109;88;80;371
1213;1213;UNIVERSIDAD DEL MAGDALENA - UNIMAGDALENA;PRINCIPAL;1;Oficial;4;Universidad;47;Magdalena;47001;Santa Marta;2016;2;1;121;105;50;277
1214;1214;UNIVERSIDAD DE CUNDINAMARCA-UDEC;PRINCIPAL;1;Oficial;4;Universidad;25;Cundinamarca;25290;Fusagasuga;2016;2;136;97;65;4;302
1215;1214;UNIVERSIDAD DE CUNDINAMARCA-UDEC;SECCIONAL;1;Oficial;4;Universidad;25;Cundinamarca;25307;Girardot;2016;2;35;3;5;0;43
1216;1214;UNIVERSIDAD DE CUNDINAMARCA-UDEC;SECCIONAL;1;Oficial;4;Universidad;25;Cundinamarca;25843;Ubaté;2016;2;13;2;5;0;20
1217;1217;UNIVERSIDAD DE SUCRE;PRINCIPAL;1;Oficial;4;Universidad;70;Sucre;70001;Sincelejo;2016;2;146;15;34;9;204
1218;1218;UNIVERSIDAD DE LA GUAJIRA;PRINCIPAL;1;Oficial;4;Universidad;44;Guajira;44001;Riohacha;2016;2;34;22;31;51;138
1219;1201;UNIVERSIDAD DE ANTIOQUIA;SECCIONAL;1;Oficial;4;Universidad;5;Antioquia;5148;Carmen de Viboral;2016;2;5;0;2;1;8
1220;1201;UNIVERSIDAD DE ANTIOQUIA;SECCIONAL;1;Oficial;4;Universidad;5;Antioquia;5034;Andes;2016;2;1;0;1;1;3
1221;1201;UNIVERSIDAD DE ANTIOQUIA;SECCIONAL;1;Oficial;4;Universidad;5;Antioquia;5154;Caucasia;2016;2;3;1;2;1;7
1222;1201;UNIVERSIDAD DE ANTIOQUIA;SECCIONAL;1;Oficial;4;Universidad;5;Antioquia;5579;Puerto Berrío;2016;2;1;0;1;1;3
1223;1201;UNIVERSIDAD DE ANTIOQUIA;SECCIONAL;1;Oficial;4;Universidad;5;Antioquia;5837;Turbo;2016;2;1;0;0;1;2
2114;2114;ESCUELA NACIONAL DEL DEPORTE;PRINCIPAL;1;Oficial;3;Institución Universitaria/Escuela Tecnológica;76;Valle del Cauca;76001;Cali;2016;2;15;3;27;14;59
2207;2207;INSTITUTO UNIVERSITARIO DE LA PAZ;PRINCIPAL;1;Oficial;3;Institución Universitaria/Escuela Tecnológica;68;Santander;68081;Barrancabermeja;2016;2;14;2;9;13;38
2211;2211;INSTITUCION UNIVERSITARIA BELLAS ARTES Y CIENCIAS DE BOLIVAR;PRINCIPAL;1;Oficial;3;Institución Universitaria/Escuela Tecnológica;13;Bolivar;13001;Cartagena;2016;2;17;2;4;15;38
2301;2301;UNIDAD CENTRAL DEL VALLE DEL CAUCA;PRINCIPAL;1;Oficial;3;Institución Universitaria/Escuela Tecnológica;76;Valle del Cauca;76834;Tulua;2016;2;57;11;18;20;106
2901;2901;ESCUELA DE INTELIGENCIA Y CONTRAINTELIGENCIA BRIGADIER GENERAL RICARDO CHARRY SOLANO;PRINCIPAL;1;Oficial;3;Institución Universitaria/Escuela Tecnológica;11;Bogotá D.C;11001;Bogota;2016;2;16;1;3;1;21
1701;1701;PONTIFICIA UNIVERSIDAD JAVERIANA;PRINCIPAL;2;Privada;4;Universidad;11;Bogotá D.C;11001;Bogota;2016;2;835;153;749;34;1771
1702;1701;PONTIFICIA UNIVERSIDAD JAVERIANA;SECCIONAL;2;Privada;4;Universidad;76;Valle del Cauca;76001;Cali;2016;2;22;230;312;81;645
1707;1707;FUNDACION UNIVERSIDAD DE BOGOTA - JORGE TADEO LOZANO;PRINCIPAL;2;Privada;4;Universidad;11;Bogotá D.C;11001;Bogota;2016;2;368;2;223;48;641
1709;1709;UNIVERSIDAD CENTRAL;PRINCIPAL;2;Privada;4;Universidad;11;Bogotá D.C;11001;Bogota;2016;2;287;88;218;31;624
1714;1714;COLEGIO MAYOR DE NUESTRA SEÑORA DEL ROSARIO;PRINCIPAL;2;Privada;4;Universidad;11;Bogotá D.C;11001;Bogota;2016;2;412;0;481;25;918
1715;1715;FUNDACION UNIVERSIDAD DE AMERICA;PRINCIPAL;2;Privada;4;Universidad;11;Bogotá D.C;11001;Bogota;2016;2;78;1;49;29;157
1717;1718;UNIVERSIDAD DE SAN BUENAVENTURA;SECCIONAL;2;Privada;4;Universidad;5;Antioquia;5001;Medellín;2016;2;121;7;81;26;235
1719;1719;UNIVERSIDAD CATOLICA DE COLOMBIA;PRINCIPAL;2;Privada;4;Universidad;11;Bogotá D.C;11001;Bogota;2016;2;248;37;191;27;503
1722;1722;UNIVERSIDAD DE MANIZALES;PRINCIPAL;2;Privada;4;Universidad;17;Caldas;17001;Manizales;2016;2;15;101;89;36;241
1724;1718;UNIVERSIDAD DE SAN BUENAVENTURA;SECCIONAL;2;Privada;4;Universidad;13;Bolivar;13001;Cartagena;2016;2;68;40;25;23;156
1726;1726;UNIVERSIDAD CATOLICA DE ORIENTE;PRINCIPAL;2;Privada;4;Universidad;5;Antioquia;5615;Rionegro;2016;2;282;73;638;38;1031
1728;1728;UNIVERSIDAD SERGIO ARBOLEDA;PRINCIPAL;2;Privada;4;Universidad;11;Bogotá D.C;11001;Bogota;2016;2;205;145;204;94;648
1729;1729;UNIVERSIDAD EL BOSQUE;PRINCIPAL;2;Privada;4;Universidad;11;Bogotá D.C;11001;Bogota;2016;2;66;263;140;0;469
1733;1728;UNIVERSIDAD SERGIO ARBOLEDA;SECCIONAL;2;Privada;4;Universidad;47;Magdalena;47001;Santa Marta;2016;2;39;83;66;27;215
1734;1734;UNIVERSIDAD DE BOYACA UNIBOYACA;PRINCIPAL;2;Privada;4;Universidad;15;Boyacá;15001;Tunja;2016;2;99;3;48;18;168
1735;1735;UNIVERSIDAD MANUELA BELTRAN-UMB-;PRINCIPAL;2;Privada;4;Universidad;11;Bogotá D.C;11001;Bogota;2016;2;190;35;718;42;985
1801;1801;UNIVERSIDAD LA GRAN COLOMBIA;PRINCIPAL;2;Privada;4;Universidad;11;Bogotá D.C;11001;Bogota;2016;2;259;118;116;61;554
1802;1801;UNIVERSIDAD LA GRAN COLOMBIA;SECCIONAL;2;Privada;4;Universidad;63;Quindío;63001;Armenia;2016;2;52;7;27;16;102
1806;1806;UNIVERSIDAD LIBRE;PRINCIPAL;2;Privada;4;Universidad;11;Bogotá D.C;11001;Bogota;2016;2;207;65;96;25;393
1808;1806;UNIVERSIDAD LIBRE;SECCIONAL;2;Privada;4;Universidad;8;Atlántico;8001;Barranquilla;2016;2;66;24;27;10;127
1809;1806;UNIVERSIDAD LIBRE;SECCIONAL;2;Privada;4;Universidad;66;Risaralda;66001;Pereira;2016;2;10;63;13;20;106
1810;1806;UNIVERSIDAD LIBRE;SECCIONAL;2;Privada;4;Universidad;54;Norte de Santander;54001;Cúcuta;2016;2;11;18;17;8;54
1812;1812;UNIVERSIDAD DE MEDELLIN;PRINCIPAL;2;Privada;4;Universidad;5;Antioquia;5001;Medellín;2016;2;182;23;89;36;330
1816;1818;UNIVERSIDAD COOPERATIVA DE COLOMBIA;SECCIONAL;2;Privada;4;Universidad;5;Antioquia;5001;Medellín;2016;2;72;118;224;51;465
1817;1818;UNIVERSIDAD COOPERATIVA DE COLOMBIA;SECCIONAL;2;Privada;4;Universidad;68;Santander;68001;Bucaramanga;2016;2;57;52;64;4;177
1819;1818;UNIVERSIDAD COOPERATIVA DE COLOMBIA;SECCIONAL;2;Privada;4;Universidad;68;Santander;68081;Barrancabermeja;2016;2;19;22;37;1;79
1820;1818;UNIVERSIDAD COOPERATIVA DE COLOMBIA;SECCIONAL;2;Privada;4;Universidad;47;Magdalena;47001;Santa Marta;2016;2;39;67;68;2;176
1823;1823;UNIVERSIDAD AUTONOMA DE BUCARAMANGA-UNAB-;PRINCIPAL;2;Privada;4;Universidad;68;Santander;68001;Bucaramanga;2016;2;162;68;113;68;411
1825;1825;UNIVERSIDAD AUTONOMA DE MANIZALES;PRINCIPAL;2;Privada;4;Universidad;17;Caldas;17001;Manizales;2016;2;97;25;59;5;186
1828;1828;UNIVERSIDAD ICESI;PRINCIPAL;2;Privada;4;Universidad;76;Valle del Cauca;76001;Cali;2016;2;283;193;77;115;668
1830;1830;UNIVERSIDAD AUTONOMA DE OCCIDENTE;PRINCIPAL;2;Privada;4;Universidad;76;Valle del Cauca;76001;Cali;2016;2;70;324;153;29;576
1831;1831;UNIVERSIDAD DE IBAGUE;PRINCIPAL;2;Privada;4;Universidad;73;Tolima;73001;Ibagué;2016;2;145;141;132;52;470
1833;1833;UNIVERSIDAD DEL SINU - ELIAS BECHARA ZAINUM - UNISINU -;PRINCIPAL;2;Privada;4;Universidad;23;Córdoba;23001;Montería;2016;2;92;105;160;7;364
1834;1833;UNIVERSIDAD DEL SINU - ELIAS BECHARA ZAINUM - UNISINU -;SECCIONAL;2;Privada;4;Universidad;13;Bolivar;13001;Cartagena;2016;2;37;139;54;10;240
1835;1835;UNIVERSIDAD DE CIENCIAS APLICADAS Y AMBIENTALES UDCA.;PRINCIPAL;2;Privada;4;Universidad;11;Bogotá D.C;11001;Bogota;2016;2;117;79;106;38;340
2707;2707;FUNDACION UNIVERSITARIA JUAN N. CORPAS;PRINCIPAL;2;Privada;3;Institución Universitaria/Escuela Tecnológica;11;Bogotá D.C;11001;Bogota;2016;2;30;47;122;24;223
2708;2708;UNIVERSIDAD CES;PRINCIPAL;2;Privada;4;Universidad;5;Antioquia;5001;Medellín;2016;2;216;50;267;17;550
2709;2709;FUNDACION UNIVERSITARIA SAN MARTIN;PRINCIPAL;2;Privada;3;Institución Universitaria/Escuela Tecnológica;11;Bogotá D.C;11001;Bogota;2016;2;97;19;65;25;206
2710;2710;FUNDACION UNIVERSITARIA MONSERRATE -UNIMONSERRATE;PRINCIPAL;2;Privada;3;Institución Universitaria/Escuela Tecnológica;11;Bogotá D.C;11001;Bogota;2016;2;57;19;28;33;137
2713;2713;FUNDACION UNIVERSITARIA LOS LIBERTADORES;PRINCIPAL;2;Privada;3;Institución Universitaria/Escuela Tecnológica;11;Bogotá D.C;11001;Bogota;2016;2;109;9;130;61;309
2719;2719;UNIVERSIDAD CATÓLICA LUIS AMIGÓ-FUNLAM;PRINCIPAL;2;Privada;4;Universidad;5;Antioquia;5001;Medellín;2016;2;100;0;73;48;221
2720;2720;FUNDACION UNIVERSITARIA JUAN DE CASTELLANOS;PRINCIPAL;2;Privada;3;Institución Universitaria/Escuela Tecnológica;15;Boyacá;15001;Tunja;2016;2;55;33;43;3;134
2721;2721;FUNDACION UNIVERSITARIA MARIA CANO;PRINCIPAL;2;Privada;3;Institución Universitaria/Escuela Tecnológica;5;Antioquia;5001;Medellín;2016;2;18;29;65;9;121
2724;2724;FUNDACION UNIVERSITARIA DE SAN GIL - UNISANGIL -;PRINCIPAL;2;Privada;3;Institución Universitaria/Escuela Tecnológica;68;Santander;68679;San Gil;2016;2;103;25;39;36;203
2725;2725;POLITECNICO GRANCOLOMBIANO;PRINCIPAL;2;Privada;3;Institución Universitaria/Escuela Tecnológica;11;Bogotá D.C;11001;Bogota;2016;2;92;184;173;79;528
2730;2730;FUNDACION ESCUELA COLOMBIANA DE REHABILITACION;PRINCIPAL;2;Privada;3;Institución Universitaria/Escuela Tecnológica;11;Bogotá D.C;11001;Bogota;2016;2;25;7;18;6;56
2737;2728;FUNDACION UNIVERSITARIA DEL AREA ANDINA;SECCIONAL;2;Privada;3;Institución Universitaria/Escuela Tecnológica;66;Risaralda;66001;Pereira;2016;2;55;19;51;25;150
2738;2738;FUNDACION UNIVESITARIA EMPRESARIAL DE LA CAMARA DE COMERCIO DE BOGOTA;PRINCIPAL;2;Privada;3;Institución Universitaria/Escuela Tecnológica;11;Bogotá D.C;11001;Bogota;2016;2;20;15;50;6;91
2740;2740;INSTITUCION UNIVERSITARIA COLOMBO AMERICANA - UNICA;PRINCIPAL;2;Privada;3;Institución Universitaria/Escuela Tecnológica;11;Bogotá D.C;11001;Bogota;2016;2;2;0;0;8;10
2741;2741;FUNDACION DE ESTUDIOS SUPERIORES - MONSEÑOR ABRAHAM ESCUDERO MONTOYA  - FUNDES;PRINCIPAL;2;Privada;3;Institución Universitaria/Escuela Tecnológica;73;Tolima;73268;Espinal (Chicoral) ;2016;2;2;4;7;4;17
2744;2744;INSTITUCION UNIVERSITARIA CENTRO DE ESTUDIOS SUPERIORES MARIA GORETTI;PRINCIPAL;2;Privada;3;Institución Universitaria/Escuela Tecnológica;52;Nariño;52001;Pasto;2016;2;110;38;36;16;200
2745;2745;UNIPANAMERICANA - FUNDACION UNIVERSITARIA PANAMERICANA;PRINCIPAL;2;Privada;3;Institución Universitaria/Escuela Tecnológica;11;Bogotá D.C;11001;Bogota;2016;2;26;62;64;48;200
2746;2746;FUNDACION UNIVERSITARIA SANITAS;PRINCIPAL;2;Privada;3;Institución Universitaria/Escuela Tecnológica;11;Bogotá D.C;11001;Bogota;2016;2;31;8;235;9;283
2747;2747;FUNDACION UNIVERSITARIA AUTONOMA DE LAS AMERICAS;PRINCIPAL;2;Privada;3;Institución Universitaria/Escuela Tecnológica;5;Antioquia;5001;Medellín;2016;2;31;58;103;23;215
2749;2749;INSTITUCION UNIVERSITARIA  SALAZAR Y HERRERA;PRINCIPAL;2;Privada;3;Institución Universitaria/Escuela Tecnológica;5;Antioquia;5001;Medellín;2016;2;38;8;50;2;98
2811;2811;ESCUELA COLOMBIANA DE INGENIERIA JULIO GARAVITO;PRINCIPAL;2;Privada;3;Institución Universitaria/Escuela Tecnológica;11;Bogotá D.C;11001;Bogota;2016;2;25;119;80;26;250
2812;2812;UNIVERSIDAD EAN;PRINCIPAL;2;Privada;4;Universidad;11;Bogotá D.C;11001;Bogota;2016;2;170;0;138;12;320
2813;2813;UNIVERSIDAD EIA;PRINCIPAL;2;Privada;4;Universidad;5;Antioquia;5001;Medellín;2016;2;63;23;35;16;137
2818;2818;CORPORACION UNIVERSITARIA DE SANTA ROSA DE CABAL-UNISARC-;PRINCIPAL;2;Privada;3;Institución Universitaria/Escuela Tecnológica;66;Risaralda;66682;Santa Rosa De Cabal;2016;2;13;28;29;22;92
2820;2820;CORPORACION UNIVERSITARIA LASALLISTA;PRINCIPAL;2;Privada;3;Institución Universitaria/Escuela Tecnológica;5;Antioquia;5129;Caldas;2016;2;78;43;307;5;433
2822;2822;ESCUELA SUPERIOR DE OFTALMOLOGIA, INSTITUTO BARRAQUER DE AMERICA;PRINCIPAL;2;Privada;3;Institución Universitaria/Escuela Tecnológica;11;Bogotá D.C;11001;Bogota;2016;2;0;0;24;4;28
2825;2825;CORPORACION UNIVERSITARIA RAFAEL NUÑEZ;PRINCIPAL;2;Privada;3;Institución Universitaria/Escuela Tecnológica;13;Bolivar;13001;Cartagena;2016;2;52;52;43;39;186
2828;2828;CORPORACION UNIVERSITARIA DEL HUILA-CORHUILA-;PRINCIPAL;2;Privada;3;Institución Universitaria/Escuela Tecnológica;41;Huila;41001;Neiva;2016;2;31;0;12;6;49
2830;2830;CORPORACION UNIVERSITARIA IBEROAMERICANA;PRINCIPAL;2;Privada;3;Institución Universitaria/Escuela Tecnológica;11;Bogotá D.C;11001;Bogota;2016;2;70;80;130;19;299
2831;2831;CORPORACION UNIVERSITARIA DE CIENCIA Y DESARROLLO - UNICIENCIA;PRINCIPAL;2;Privada;3;Institución Universitaria/Escuela Tecnológica;11;Bogotá D.C;11001;Bogota;2016;2;20;4;6;8;38
2833;2833;CORPORACION UNIVERSITARIA REMINGTON;PRINCIPAL;2;Privada;3;Institución Universitaria/Escuela Tecnológica;5;Antioquia;5001;Medellín;2016;2;147;23;88;35;293
2836;2836;CORPORACION UNIVERSITARIA EMPRESARIAL DE SALAMANCA;PRINCIPAL;2;Privada;3;Institución Universitaria/Escuela Tecnológica;8;Atlántico;8001;Barranquilla;2016;2;22;7;17;6;52
2838;2838;CORPORACION COLEGIATURA COLOMBIANA;PRINCIPAL;2;Privada;3;Institución Universitaria/Escuela Tecnológica;5;Antioquia;5001;Medellín;2016;2;16;23;63;5;107
2840;2840;CORPORACION UNIVERSITARIA EMPRESARIAL ALEXANDER VON HUMBOLDT - CUE;PRINCIPAL;2;Privada;3;Institución Universitaria/Escuela Tecnológica;63;Quindío;63001;Armenia;2016;2;42;16;18;19;95
2841;2829;CORPORACION UNIVERSITARIA MINUTO DE DIOS -UNIMINUTO-;SECCIONAL;2;Privada;3;Institución Universitaria/Escuela Tecnológica;5;Antioquia;5088;Bello;2016;2;55;42;221;1;319
2842;2842;CORPORACION UNIVERSITARIA REFORMADA - CUR -;PRINCIPAL;2;Privada;3;Institución Universitaria/Escuela Tecnológica;8;Atlántico;8001;Barranquilla;2016;2;11;3;45;13;72
2848;2848;CORPORACION UNIVERSITARIA  UNITEC;PRINCIPAL;2;Privada;3;Institución Universitaria/Escuela Tecnológica;11;Bogotá D.C;11001;Bogota;2016;2;49;23;60;22;154
3702;3702;FUNDACION TECNOLOGICA AUTONOMA DE BOGOTA-FABA-;PRINCIPAL;2;Privada;2;Institución Tecnológica;11;Bogotá D.C;11001;Bogota;2016;2;7;15;44;2;68
3703;3703;FUNDACION ESCUELA COLOMBIANA DE MERCADOTECNIA -ESCOLME-;PRINCIPAL;2;Privada;3;Institución Universitaria/Escuela Tecnológica;5;Antioquia;5001;Medellín;2016;2;17;8;47;6;78
3706;3706;FUNDACION CENTRO COLOMBIANO DE ESTUDIOS PROFESIONALES, -F.C.E.C.E.P.;PRINCIPAL;2;Privada;2;Institución Tecnológica;76;Valle del Cauca;76001;Cali;2016;2;26;49;22;6;103
3713;3713;FUNDACION UNIVERSITARIA PARA EL DESARROLLO HUMANO - UNINPAHU;PRINCIPAL;2;Privada;3;Institución Universitaria/Escuela Tecnológica;11;Bogotá D.C;11001;Bogota;2016;2;33;9;90;13;145
3715;3715;FUNDACION TECNOLOGICA AUTONOMA DEL PACIFICO;PRINCIPAL;2;Privada;2;Institución Tecnológica;76;Valle del Cauca;76001;Cali;2016;2;26;6;43;15;90
3718;3718;FUNDACION DE ESTUDIOS SUPERIORES COMFANORTE -F.E.S.C.-;PRINCIPAL;2;Privada;2;Institución Tecnológica;54;Norte de Santander;54001;Cúcuta;2016;2;14;16;30;13;73
3720;3720;FUNDACION UNIVERSITARIA ESUMER;PRINCIPAL;2;Privada;3;Institución Universitaria/Escuela Tecnológica;5;Antioquia;5001;Medellín;2016;2;21;142;55;18;236
3810;3810;CORPORACION EDUCATIVA -ITAE-;PRINCIPAL;2;Privada;2;Institución Tecnológica;68;Santander;68001;Bucaramanga;2016;2;22;1;8;2;33
3812;3812;INSTITUCION UNIVERSITARIA MARCO FIDEL SUAREZ - IUMAFIS;PRINCIPAL;2;Privada;3;Institución Universitaria/Escuela Tecnológica;5;Antioquia;5088;Bello;2016;2;31;10;9;4;54
3817;3817;CORPORACION UNIVERSITARIA AUTONOMA DE NARIÑO -AUNAR-;PRINCIPAL;2;Privada;3;Institución Universitaria/Escuela Tecnológica;52;Nariño;52001;Pasto;2016;2;15;7;34;8;64
3824;3824;ESCUELA SUPERIOR DE CIENCIAS EMPRESARIALES - ECIEM;PRINCIPAL;2;Privada;2;Institución Tecnológica;11;Bogotá D.C;11001;Bogota;2016;2;5;2;3;2;12
3831;3831;CORPORACION UNIVERSITARIA COMFACAUCA - UNICOMFACAUCA;PRINCIPAL;2;Privada;3;Institución Universitaria/Escuela Tecnológica;19;Cauca;19001;Popayán;2016;2;68;64;48;44;224
4701;4701;FUNDACION ACADEMIA DE DIBUJO PROFESIONAL;PRINCIPAL;2;Privada;1;Institución Técnica Profesional;76;Valle del Cauca;76001;Cali;2016;2;31;16;11;10;68
4709;4709;INSTITUCION UNIVERSITARIA EAM;PRINCIPAL;2;Privada;3;Institución Universitaria/Escuela Tecnológica;63;Quindío;63001;Armenia;2016;2;32;13;34;10;89
4719;4719;FUNDACION DE EDUCACION SUPERIOR NUEVA AMERICA;PRINCIPAL;2;Privada;1;Institución Técnica Profesional;11;Bogotá D.C;11001;Bogota;2016;2;2;2;1;1;6
4808;4808;CORPORACION REGIONAL DE EDUCACION SUPERIOR-CRES-DE CALI;PRINCIPAL;2;Privada;1;Institución Técnica Profesional;76;Valle del Cauca;76001;Cali;2016;2;4;3;11;10;28
4811;4811;CORPORACION DE ESTUDIOS SUPERIORES SALAMANDRA;PRINCIPAL;2;Privada;1;Institución Técnica Profesional;76;Valle del Cauca;76001;Cali;2016;2;4;3;11;1;19
4817;4817;CORPORACION EDUCATIVA DEL LITORAL;PRINCIPAL;2;Privada;1;Institución Técnica Profesional;8;Atlántico;8001;Barranquilla;2016;2;17;11;4;9;41
4822;4822;CORPORACION ESCUELA DE ARTES Y LETRAS;PRINCIPAL;2;Privada;3;Institución Universitaria/Escuela Tecnológica;11;Bogotá D.C;11001;Bogota;2016;2;42;33;41;17;133
4835;4835;CORPORACION UNIVERSITARIA TALLER CINCO;PRINCIPAL;2;Privada;3;Institución Universitaria/Escuela Tecnológica;11;Bogotá D.C;11001;Bogota;2016;2;5;9;21;4;39
5801;5801;CORPORACION ESCUELA TECNOLOGICA DEL ORIENTE;PRINCIPAL;2;Privada;3;Institución Universitaria/Escuela Tecnológica;68;Santander;68001;Bucaramanga;2016;2;6;0;16;1;23
9116;9116;FUNDACION UNIVERSITARIA CLARETIANA - UNICLARETIANA;PRINCIPAL;2;Privada;3;Institución Universitaria/Escuela Tecnológica;27;Chocó;27001;Quibdó;2016;2;29;7;34;12;82
9117;9117;FUNDACION POLITECNICA - CORPO;PRINCIPAL;2;Privada;1;Institución Técnica Profesional;11;Bogotá D.C;11001;Bogota;2016;2;3;1;3;4;11
9119;9119;CORPORACION UNIVERSITARIA AMERICANA;PRINCIPAL;2;Privada;3;Institución Universitaria/Escuela Tecnológica;8;Atlántico;8001;Barranquilla;2016;2;54;38;109;62;263
9120;9120;FUNDACION UNIVERSITARIA BELLAS ARTES;PRINCIPAL;2;Privada;3;Institución Universitaria/Escuela Tecnológica;5;Antioquia;5001;Medellín;2016;2;7;2;14;8;31
9122;1735;UNIVERSIDAD MANUELA BELTRAN-UMB-;SECCIONAL;2;Privada;4;Universidad;68;Santander;68001;Bucaramanga;2016;2;48;1;54;2;105
9129;9129;FUNDACION UNIVERSITARIA CAFAM -UNICAFAM;PRINCIPAL;2;Privada;3;Institución Universitaria/Escuela Tecnológica;11;Bogotá D.C;11001;Bogota;2016;2;19;28;27;9;83
9900;9900;CORPORACION UNIVERSITARIA U DE COLOMBIA;PRINCIPAL;2;Privada;3;Institución Universitaria/Escuela Tecnológica;5;Antioquia;5001;Medellín;2016;2;3;6;9;3;21
9905;9905;FUNDACION ESCUELA TECNOLOGICA DE NEIVA - JESUS OVIEDO PEREZ -FET;PRINCIPAL;2;Privada;3;Institución Universitaria/Escuela Tecnológica;41;Huila;41615;Rivera;2016;2;8;7;8;8;31
